"STATION","NAME","LATITUDE","LONGITUDE","ELEVATION","DATE","DAPR","DAPR_ATTRIBUTES","MDPR","MDPR_ATTRIBUTES","PRCP","PRCP_ATTRIBUTES","SNOW","SNOW_ATTRIBUTES"
"US1NYQN0026","JACKSON HEIGHTS 0.3 WSW, NY US","40.754411","-73.888164","18.0","2023-01-08",,,,,"0.00",",,N","0.0",",,N"
"US1NYQN0026","JACKSON HEIGHTS 0.3 WSW, NY US","40.754411","-73.888164","18.0","2023-01-13","    3",",,N","0.25",",,N",,,,
"US1NYQN0026","JACKSON HEIGHTS 0.3 WSW, NY US","40.754411","-73.888164","18.0","2023-01-27",,,,,"0.00",",,N","0.0",",,N"
"US1NYQN0026","JACKSON HEIGHTS 0.3 WSW, NY US","40.754411","-73.888164","18.0","2023-01-28",,,,,"0.00",",,N","0.0",",,N"
"US1NYQN0026","JACKSON HEIGHTS 0.3 WSW, NY US","40.754411","-73.888164","18.0","2023-02-26",,,,,"0.00",",,N","0.0",",,N"
"US1NYQN0026","JACKSON HEIGHTS 0.3 WSW, NY US","40.754411","-73.888164","18.0","2023-03-13",,,,,"0.00",",,N","0.0",",,N"
"US1NYQN0026","JACKSON HEIGHTS 0.3 WSW, NY US","40.754411","-73.888164","18.0","2023-03-18",,,,,"0.02",",,N",,
"US1NYQN0026","JACKSON HEIGHTS 0.3 WSW, NY US","40.754411","-73.888164","18.0","2023-04-06",,,,,"0.00",",,N","0.0",",,N"
"US1NYQN0026","JACKSON HEIGHTS 0.3 WSW, NY US","40.754411","-73.888164","18.0","2023-04-07",,,,,"0.00",",,N","0.0",",,N"
"US1NYQN0026","JACKSON HEIGHTS 0.3 WSW, NY US","40.754411","-73.888164","18.0","2023-04-08",,,,,"0.00",",,N","0.0",",,N"
"US1NYQN0026","JACKSON HEIGHTS 0.3 WSW, NY US","40.754411","-73.888164","18.0","2023-04-09",,,,,"0.00",",,N","0.0",",,N"
"US1NYQN0026","JACKSON HEIGHTS 0.3 WSW, NY US","40.754411","-73.888164","18.0","2023-04-12",,,,,"0.00",",,N","0.0",",,N"
"US1NYQN0026","JACKSON HEIGHTS 0.3 WSW, NY US","40.754411","-73.888164","18.0","2023-04-13",,,,,"0.00",",,N","0.0",",,N"
"US1NYQN0026","JACKSON HEIGHTS 0.3 WSW, NY US","40.754411","-73.888164","18.0","2023-04-14",,,,,"0.00",",,N","0.0",",,N"
"US1NYQN0026","JACKSON HEIGHTS 0.3 WSW, NY US","40.754411","-73.888164","18.0","2023-05-07",,,,,"0.00",",,N","0.0",",,N"
"US1NYQN0026","JACKSON HEIGHTS 0.3 WSW, NY US","40.754411","-73.888164","18.0","2023-05-18",,,,,"0.00",",,N","0.0",",,N"
"US1NYQN0026","JACKSON HEIGHTS 0.3 WSW, NY US","40.754411","-73.888164","18.0","2023-05-25",,,,,"0.05",",,N",,
"US1NYQN0026","JACKSON HEIGHTS 0.3 WSW, NY US","40.754411","-73.888164","18.0","2023-05-26",,,,,"0.00","T,,N",,
"US1NYQN0026","JACKSON HEIGHTS 0.3 WSW, NY US","40.754411","-73.888164","18.0","2023-05-27",,,,,"0.00",",,N","0.0",",,N"
"US1NYQN0026","JACKSON HEIGHTS 0.3 WSW, NY US","40.754411","-73.888164","18.0","2023-05-30",,,,,"0.00",",,N","0.0",",,N"
"US1NYQN0026","JACKSON HEIGHTS 0.3 WSW, NY US","40.754411","-73.888164","18.0","2023-06-10",,,,,"0.00",",,N","0.0",",,N"
"US1NYQN0026","JACKSON HEIGHTS 0.3 WSW, NY US","40.754411","-73.888164","18.0","2023-06-13",,,,,"0.36",",,N",,
"US1NYQN0026","JACKSON HEIGHTS 0.3 WSW, NY US","40.754411","-73.888164","18.0","2023-06-27","    3",",,N","0.50",",,N",,,,
"US1NYQN0026","JACKSON HEIGHTS 0.3 WSW, NY US","40.754411","-73.888164","18.0","2023-07-03",,,,,"0.04",",,N",,
"US1NYQN0026","JACKSON HEIGHTS 0.3 WSW, NY US","40.754411","-73.888164","18.0","2023-07-15","    2",",,N","0.63",",,N",,,,
"US1NYQN0026","JACKSON HEIGHTS 0.3 WSW, NY US","40.754411","-73.888164","18.0","2023-08-04",,,,,"0.00",",,N","0.0",",,N"
"US1NYQN0026","JACKSON HEIGHTS 0.3 WSW, NY US","40.754411","-73.888164","18.0","2023-08-05",,,,,"0.00",",,N","0.0",",,N"
"US1NYQN0026","JACKSON HEIGHTS 0.3 WSW, NY US","40.754411","-73.888164","18.0","2023-08-09",,,,,"0.01",",,N",,
"US1NYQN0026","JACKSON HEIGHTS 0.3 WSW, NY US","40.754411","-73.888164","18.0","2023-08-21","    4",",,N","0.25",",,N",,,,
"US1NYQN0026","JACKSON HEIGHTS 0.3 WSW, NY US","40.754411","-73.888164","18.0","2023-10-14",,,,,"0.00",",,N","0.0",",,N"
"US1NYQN0026","JACKSON HEIGHTS 0.3 WSW, NY US","40.754411","-73.888164","18.0","2023-11-16",,,,,"0.00",",,N","0.0",",,N"
"US1NYQN0026","JACKSON HEIGHTS 0.3 WSW, NY US","40.754411","-73.888164","18.0","2023-11-26",,,,,"0.00",",,N","0.0",",,N"
"US1NYQN0026","JACKSON HEIGHTS 0.3 WSW, NY US","40.754411","-73.888164","18.0","2023-12-09",,,,,"0.00",",,N","0.0",",,N"
"US1NYQN0026","JACKSON HEIGHTS 0.3 WSW, NY US","40.754411","-73.888164","18.0","2023-12-10",,,,,"0.00",",,N","0.0",",,N"
"US1NYQN0026","JACKSON HEIGHTS 0.3 WSW, NY US","40.754411","-73.888164","18.0","2023-12-15",,,,,"0.00",",,N","0.0",",,N"
"US1NYQN0026","JACKSON HEIGHTS 0.3 WSW, NY US","40.754411","-73.888164","18.0","2023-12-20",,,,,"0.00",",,N","0.0",",,N"
"US1NYQN0026","JACKSON HEIGHTS 0.3 WSW, NY US","40.754411","-73.888164","18.0","2023-12-23",,,,,"0.00",",,N","0.0",",,N"
